{
  "Foreground Color (Dark)" : {
    "Red Component" : 0.84705882352941175,
    "Color Space" : "P3",
    "Blue Component" : 0.9137254901960784,
    "Alpha Component" : 1,
    "Green Component" : 0.87058823529411766
  },
  "Ansi 15 Color (Dark)" : {
    "Red Component" : 0.92549019607843142,
    "Color Space" : "P3",
    "Blue Component" : 0.95686274509803926,
    "Alpha Component" : 1,
    "Green Component" : 0.93725490196078431
  },
  "Ansi 0 Color" : {
    "Red Component" : 0.078431375324726105,
    "Color Space" : "sRGB",
    "Blue Component" : 0.11764705926179886,
    "Alpha Component" : 1,
    "Green Component" : 0.098039217293262454
  },
  "Cursor Text Color" : {
    "Red Component" : 1,
    "Color Space" : "sRGB",
    "Blue Component" : 1,
    "Alpha Component" : 1,
    "Green Component" : 1
  },
  "Prompt Before Closing 2" : false,
  "Unicode Normalization" : 0,
  "Ansi 3 Color (Dark)" : {
    "Red Component" : 0.92156862745098034,
    "Color Space" : "P3",
    "Blue Component" : 0.54509803921568623,
    "Alpha Component" : 1,
    "Green Component" : 0.79607843137254897
  },
  "Ansi 12 Color (Dark)" : {
    "Red Component" : 0.50588235294117645,
    "Color Space" : "P3",
    "Blue Component" : 0.75686274509803919,
    "Alpha Component" : 1,
    "Green Component" : 0.63137254901960782
  },
  "Mouse Reporting" : true,
  "Use Underline Color (Light)" : false,
  "Disable Window Resizing" : true,
  "BM Growl" : true,
  "Background Color (Dark)" : {
    "Red Component" : 0.098039215686274536,
    "Color Space" : "P3",
    "Blue Component" : 0.12941176470588237,
    "Alpha Component" : 1,
    "Green Component" : 0.10980392156862745
  },
  "Guid" : "DA55F871-85CA-46BE-8353-27D42452D7F6",
  "Cursor Color (Dark)" : {
    "Red Component" : 0.5607843137254902,
    "Color Space" : "P3",
    "Blue Component" : 0.73333333333333328,
    "Alpha Component" : 1,
    "Green Component" : 0.73725490196078436
  },
  "Selection Color (Dark)" : {
    "Red Component" : 0.70196080207824707,
    "Color Space" : "sRGB",
    "Blue Component" : 1,
    "Alpha Component" : 1,
    "Green Component" : 0.84313726425170898
  },
  "Scrollback Lines" : 0,
  "Badge Color (Dark)" : {
    "Red Component" : 0.9787440299987793,
    "Color Space" : "sRGB",
    "Blue Component" : 0.65218597462148864,
    "Alpha Component" : 0.5,
    "Green Component" : 0.65218597462148864
  },
  "Ansi 0 Color (Dark)" : {
    "Red Component" : 0.15294117647058825,
    "Color Space" : "P3",
    "Blue Component" : 0.21176470588235294,
    "Alpha Component" : 1,
    "Green Component" : 0.17254901960784313
  },
  "Transparency" : 0,
  "Bound Hosts" : [

  ],
  "Use Bright Bold" : true,
  "Horizontal Spacing" : 1,
  "Ansi 13 Color (Light)" : {
    "Red Component" : 0.73725490196078436,
    "Color Space" : "P3",
    "Blue Component" : 0.73725490196078436,
    "Alpha Component" : 1,
    "Green Component" : 0.019607843137254902
  },
  "Blur" : false,
  "Ansi 13 Color" : {
    "Red Component" : 0.8821563720703125,
    "Color Space" : "sRGB",
    "Blue Component" : 0.8821563720703125,
    "Alpha Component" : 1,
    "Green Component" : 0.4927266538143158
  },
  "Ansi 2 Color (Dark)" : {
    "Red Component" : 0.63921568627450975,
    "Color Space" : "P3",
    "Blue Component" : 0.5490196078431373,
    "Alpha Component" : 1,
    "Green Component" : 0.74509803921568629
  },
  "Cursor Color" : {
    "Red Component" : 0,
    "Color Space" : "sRGB",
    "Blue Component" : 0,
    "Alpha Component" : 1,
    "Green Component" : 0
  },
  "Use Cursor Guide (Light)" : false,
  "Option Key Sends" : 0,
  "Idle Code" : 0,
  "Ansi 13 Color (Dark)" : {
    "Red Component" : 0.70588235294117652,
    "Color Space" : "P3",
    "Blue Component" : 0.67843137254901964,
    "Alpha Component" : 1,
    "Green Component" : 0.55686274509803924
  },
  "Send Code When Idle" : false,
  "Selection Color" : {
    "Red Component" : 0.70196080207824707,
    "Color Space" : "sRGB",
    "Blue Component" : 1,
    "Alpha Component" : 1,
    "Green Component" : 0.84313726425170898
  },
  "Terminal Type" : "xterm-256color",
  "Cursor Boost (Dark)" : 0,
  "Right Option Key Sends" : 0,
  "Background Color" : {
    "Red Component" : 0.97999999999999998,
    "Color Space" : "sRGB",
    "Blue Component" : 0.97999999999999998,
    "Alpha Component" : 1,
    "Green Component" : 0.97999999999999998
  },
  "Show Mark Indicators" : false,
  "Ansi 10 Color (Dark)" : {
    "Red Component" : 0.63921568627450975,
    "Color Space" : "P3",
    "Blue Component" : 0.5490196078431373,
    "Alpha Component" : 1,
    "Green Component" : 0.74509803921568629
  },
  "Ansi 10 Color" : {
    "Red Component" : 0.3450070321559906,
    "Color Space" : "sRGB",
    "Blue Component" : 0.56541937589645386,
    "Alpha Component" : 1,
    "Green Component" : 0.9042816162109375
  },
  "Vertical Spacing" : 1,
  "Use Tab Color (Light)" : false,
  "Columns" : 140,
  "Ansi 2 Color (Light)" : {
    "Red Component" : 0.062745098039215685,
    "Color Space" : "P3",
    "Blue Component" : 0.062745098039215685,
    "Alpha Component" : 1,
    "Green Component" : 0.48627450980392156
  },
  "Screen" : -1,
  "Cursor Text Color (Dark)" : {
    "Red Component" : 0.098039215686274536,
    "Color Space" : "P3",
    "Blue Component" : 0.13333333333333333,
    "Alpha Component" : 1,
    "Green Component" : 0.10980392156862745
  },
  "Description" : "Default",
  "Unlimited Scrollback" : true,
  "Use Italic Font" : true,
  "Working Directory" : "\/Users\/byronkarlen",
  "Selected Text Color (Dark)" : {
    "Red Component" : 0,
    "Color Space" : "sRGB",
    "Blue Component" : 0,
    "Alpha Component" : 1,
    "Green Component" : 0
  },
  "Use Cursor Guide (Dark)" : false,
  "Visual Bell" : true,
  "Link Color (Light)" : {
    "Red Component" : 0.19802422821521759,
    "Color Space" : "sRGB",
    "Blue Component" : 0.9337158203125,
    "Alpha Component" : 1,
    "Green Component" : 0.55789834260940552
  },
  "Ansi 1 Color (Dark)" : {
    "Red Component" : 0.74901960784313726,
    "Color Space" : "P3",
    "Blue Component" : 0.41568627450980394,
    "Alpha Component" : 1,
    "Green Component" : 0.38039215686274508
  },
  "Default Bookmark" : "No",
  "Ansi 14 Color (Light)" : {
    "Red Component" : 0.019607843137254902,
    "Color Space" : "P3",
    "Blue Component" : 0.73725490196078436,
    "Alpha Component" : 1,
    "Green Component" : 0.59607843137254901
  },
  "Ansi 7 Color (Light)" : {
    "Red Component" : 0.33333333333333331,
    "Color Space" : "P3",
    "Blue Component" : 0.33333333333333331,
    "Alpha Component" : 1,
    "Green Component" : 0.33333333333333331
  },
  "Ansi 3 Color (Light)" : {
    "Red Component" : 0.58039215686274515,
    "Color Space" : "P3",
    "Blue Component" : 0,
    "Alpha Component" : 1,
    "Green Component" : 0.59607843137254901
  },
  "Ansi 9 Color (Dark)" : {
    "Red Component" : 0.8659515380859375,
    "Color Space" : "sRGB",
    "Blue Component" : 0.45833224058151245,
    "Alpha Component" : 1,
    "Green Component" : 0.47524076700210571
  },
  "Badge Color (Light)" : {
    "Red Component" : 0.74613857269287109,
    "Color Space" : "sRGB",
    "Blue Component" : 0.11610633058398889,
    "Alpha Component" : 0.5,
    "Green Component" : 0.11610633058398889
  },
  "Ansi 14 Color (Dark)" : {
    "Red Component" : 0.5607843137254902,
    "Color Space" : "P3",
    "Blue Component" : 0.73333333333333328,
    "Alpha Component" : 1,
    "Green Component" : 0.73725490196078436
  },
  "Tags" : [

  ],
  "Link Color (Dark)" : {
    "Red Component" : 0.5607843137254902,
    "Color Space" : "P3",
    "Blue Component" : 0.73333333333333328,
    "Alpha Component" : 1,
    "Green Component" : 0.73725490196078436
  },
  "Custom Command" : "No",
  "Jobs to Ignore" : [
    "rlogin",
    "ssh",
    "slogin",
    "telnet"
  ],
  "Use Non-ASCII Font" : false,
  "Custom Directory" : "Recycle",
  "Use Selected Text Color (Light)" : false,